variant	N_nodes	N_img	strict_pass_frac	R_med	R_med_CI_lo	R_med_CI_hi	R_med_node	R_med_node_CI_lo	R_med_node_CI_hi	R_med_img	R_med_img_CI_lo	R_med_img_CI_hi	share_img_Rlt055	share_img_Rlt085	p_med	delta	Outcome	p_med_jit	delta_jit	Outcome_jit
sato+otsu	19126	45	0.9404998431454564	0.2322312444448471	0.22843723613768815	0.23606354091316462	0.2322312444448471	0.22843723613768815	0.23606354091316462	0.2269691452383995	0.21984846889972687	0.23726244270801544	1.0	1.0	0.00049975	-0.831167	PASS			
sato+otsu__lo	19147	45	0.9534130673212514	0.2149646133184433	0.21202884502708913	0.2184063456952572	0.2149646133184433	0.21202884502708913	0.2184063456952572	0.2076570689678192	0.20508413016796112	0.22019772976636887	1.0	1.0	0.00049975	-0.845711	PASS			
sato+otsu__hi	19110	45	0.9293040293040293	0.2426798716187477	0.23834742605686188	0.24621142782270908	0.2426798716187477	0.23834742605686188	0.24621142782270908	0.237364761531353	0.22892612218856812	0.24346145242452621	1.0	1.0	0.00049975	-0.814959	PASS			
